MachineName,StatusType,StDateTime,EndDateTime,PartCount,ProgNo,CycleRecord,AlmMsg,ControlPartCount,Date,Time_Cycle,Cycle_sec,time_of_day,Weekend,TimeOut,Hours,Minutes
VCENTR-70,2.0,2023-05-11 09:26:26,2023-05-11 09:26:39,0.0,,False,,36.0,2023-05-11,0 days 00:00:13,13.0,День,0,<1 min,9,26
CK50,2.0,2023-05-11 09:26:27,2023-05-11 09:26:32,0.0,,False,,50.0,2023-05-11,0 days 00:00:05,5.0,День,0,<1 min,9,26
CK50,1.0,2023-05-11 09:26:32,2023-05-11 09:27:53,1.0,O0075,True,,51.0,2023-05-11,0 days 00:01:21,81.0,День,0,1-5 min,9,26
V26/85,2.0,2023-05-11 09:26:34,2023-05-11 09:27:01,0.0,,False,,26.0,2023-05-11,0 days 00:00:27,27.0,День,0,<1 min,9,26
V26/60_1,1.0,2023-05-11 09:26:34,2023-05-11 09:27:55,1.0,O1239,True,,54.0,2023-05-11,0 days 00:01:21,81.0,День,0,1-5 min,9,26
VCENTR-70,1.0,2023-05-11 09:26:39,2023-05-11 09:28:35,1.0,O1120,True,,37.0,2023-05-11,0 days 00:01:56,116.0,День,0,1-5 min,9,26
V26/85,1.0,2023-05-11 09:27:01,2023-05-11 09:27:58,1.0,O2005,True,,27.0,2023-05-11,0 days 00:00:57,57.0,День,0,<1 min,9,27
CK50,2.0,2023-05-11 09:27:53,2023-05-11 09:28:18,0.0,,False,,51.0,2023-05-11,0 days 00:00:25,25.0,День,0,<1 min,9,27
V26/60_1,2.0,2023-05-11 09:27:55,2023-05-11 09:28:09,0.0,,False,,54.0,2023-05-11,0 days 00:00:14,14.0,День,0,<1 min,9,27
V26/85,2.0,2023-05-11 09:27:58,2023-05-11 09:28:23,0.0,,False,,27.0,2023-05-11,0 days 00:00:25,25.0,День,0,<1 min,9,27
V26/60_1,1.0,2023-05-11 09:28:09,2023-05-11 09:29:30,1.0,O1239,True,,55.0,2023-05-11,0 days 00:01:21,81.0,День,0,1-5 min,9,28
V26/60_2,2.0,2023-05-11 09:28:11,2023-05-11 09:28:28,0.0,,False,,30.0,2023-05-11,0 days 00:00:17,17.0,День,0,<1 min,9,28
CK50,1.0,2023-05-11 09:28:18,2023-05-11 09:29:40,1.0,O0075,True,,51.0,2023-05-11,0 days 00:01:22,82.0,День,0,1-5 min,9,28
V26/85,1.0,2023-05-11 09:28:23,2023-05-11 09:29:20,1.0,O2005,True,,28.0,2023-05-11,0 days 00:00:57,57.0,День,0,<1 min,9,28
V26/60_2,1.0,2023-05-11 09:28:28,2023-05-11 09:31:09,1.0,O1120,True,,31.0,2023-05-11,0 days 00:02:41,161.0,День,0,1-5 min,9,28
VCENTR-70,2.0,2023-05-11 09:28:35,2023-05-11 09:28:48,0.0,,False,,37.0,2023-05-11,0 days 00:00:13,13.0,День,0,<1 min,9,28
VCENTR-70,1.0,2023-05-11 09:28:48,2023-05-11 09:30:43,1.0,O1120,True,,38.0,2023-05-11,0 days 00:01:55,115.0,День,0,1-5 min,9,28
V26/85,2.0,2023-05-11 09:29:20,2023-05-11 09:29:33,0.0,,False,,28.0,2023-05-11,0 days 00:00:13,13.0,День,0,<1 min,9,29
V26/60_1,2.0,2023-05-11 09:29:30,2023-05-11 09:29:46,0.0,,False,,55.0,2023-05-11,0 days 00:00:16,16.0,День,0,<1 min,9,29
V26/85,1.0,2023-05-11 09:29:33,2023-05-11 09:30:30,1.0,O2005,True,,29.0,2023-05-11,0 days 00:00:57,57.0,День,0,<1 min,9,29
CK50,2.0,2023-05-11 09:29:40,2023-05-11 09:29:45,0.0,,False,,52.0,2023-05-11,0 days 00:00:05,5.0,День,0,<1 min,9,29
CK50,1.0,2023-05-11 09:29:45,2023-05-11 09:31:06,1.0,O0075,True,,53.0,2023-05-11,0 days 00:01:21,81.0,День,0,1-5 min,9,29
V26/60_1,1.0,2023-05-11 09:29:46,2023-05-11 09:31:07,1.0,O1239,True,,56.0,2023-05-11,0 days 00:01:21,81.0,День,0,1-5 min,9,29
V26/85,2.0,2023-05-11 09:30:30,2023-05-11 09:30:43,0.0,,False,,29.0,2023-05-11,0 days 00:00:13,13.0,День,0,<1 min,9,30
VCENTR-70,2.0,2023-05-11 09:30:43,2023-05-11 09:30:55,0.0,,False,,38.0,2023-05-11,0 days 00:00:12,12.0,День,0,<1 min,9,30
V26/85,1.0,2023-05-11 09:30:43,2023-05-11 09:31:41,1.0,O2005,True,,30.0,2023-05-11,0 days 00:00:58,58.0,День,0,<1 min,9,30
VCENTR-70,1.0,2023-05-11 09:30:55,2023-05-11 09:32:50,1.0,O1120,True,,38.0,2023-05-11,0 days 00:01:55,115.0,День,0,1-5 min,9,30
CK50,2.0,2023-05-11 09:31:06,2023-05-11 09:31:24,0.0,,False,,53.0,2023-05-11,0 days 00:00:18,18.0,День,0,<1 min,9,31
V26/60_1,2.0,2023-05-11 09:31:07,2023-05-11 09:31:41,0.0,,False,,56.0,2023-05-11,0 days 00:00:34,34.0,День,0,<1 min,9,31
V26/60_2,2.0,2023-05-11 09:31:09,2023-05-11 09:31:24,0.0,,False,,31.0,2023-05-11,0 days 00:00:15,15.0,День,0,<1 min,9,31
CK50,1.0,2023-05-11 09:31:24,2023-05-11 09:32:46,1.0,O0075,True,,54.0,2023-05-11,0 days 00:01:22,82.0,День,0,1-5 min,9,31
V26/60_2,1.0,2023-05-11 09:31:24,2023-05-11 09:34:04,1.0,O1120,True,,32.0,2023-05-11,0 days 00:02:40,160.0,День,0,1-5 min,9,31
V26/85,2.0,2023-05-11 09:31:41,2023-05-11 09:31:54,0.0,,False,,30.0,2023-05-11,0 days 00:00:13,13.0,День,0,<1 min,9,31
V26/60_1,1.0,2023-05-11 09:31:41,2023-05-11 09:33:02,1.0,O1239,True,,57.0,2023-05-11,0 days 00:01:21,81.0,День,0,1-5 min,9,31
V26/85,1.0,2023-05-11 09:31:54,2023-05-11 09:32:50,1.0,O2005,True,,31.0,2023-05-11,0 days 00:00:56,56.0,День,0,<1 min,9,31
CK50,2.0,2023-05-11 09:32:46,2023-05-11 09:32:54,0.0,,False,,54.0,2023-05-11,0 days 00:00:08,8.0,День,0,<1 min,9,32
VCENTR-70,2.0,2023-05-11 09:32:50,2023-05-11 09:33:02,0.0,,False,,39.0,2023-05-11,0 days 00:00:12,12.0,День,0,<1 min,9,32
V26/85,2.0,2023-05-11 09:32:50,2023-05-11 09:33:05,0.0,,False,,31.0,2023-05-11,0 days 00:00:15,15.0,День,0,<1 min,9,32
CK50,1.0,2023-05-11 09:32:54,2023-05-11 09:34:16,1.0,O0075,True,,55.0,2023-05-11,0 days 00:01:22,82.0,День,0,1-5 min,9,32
VCENTR-70,1.0,2023-05-11 09:33:02,2023-05-11 09:34:58,1.0,O1120,True,,40.0,2023-05-11,0 days 00:01:56,116.0,День,0,1-5 min,9,33
V26/60_1,2.0,2023-05-11 09:33:02,2023-05-11 09:33:19,0.0,,False,,57.0,2023-05-11,0 days 00:00:17,17.0,День,0,<1 min,9,33
V26/85,1.0,2023-05-11 09:33:05,2023-05-11 09:34:01,1.0,O2005,True,,32.0,2023-05-11,0 days 00:00:56,56.0,День,0,<1 min,9,33
V26/60_1,1.0,2023-05-11 09:33:19,2023-05-11 09:34:40,1.0,O1239,True,,58.0,2023-05-11,0 days 00:01:21,81.0,День,0,1-5 min,9,33
V26/85,2.0,2023-05-11 09:34:01,2023-05-11 09:34:17,0.0,,False,,32.0,2023-05-11,0 days 00:00:16,16.0,День,0,<1 min,9,34
V26/60_2,2.0,2023-05-11 09:34:04,2023-05-11 09:34:16,0.0,,False,,32.0,2023-05-11,0 days 00:00:12,12.0,День,0,<1 min,9,34
CK50,2.0,2023-05-11 09:34:16,2023-05-11 09:34:24,0.0,,False,,55.0,2023-05-11,0 days 00:00:08,8.0,День,0,<1 min,9,34
V26/60_2,1.0,2023-05-11 09:34:16,2023-05-11 09:36:55,1.0,O1120,True,,33.0,2023-05-11,0 days 00:02:39,159.0,День,0,1-5 min,9,34
V26/85,1.0,2023-05-11 09:34:17,2023-05-11 09:35:14,1.0,O2005,True,,33.0,2023-05-11,0 days 00:00:57,57.0,День,0,<1 min,9,34
CK50,1.0,2023-05-11 09:34:24,2023-05-11 09:35:45,1.0,O0075,True,,56.0,2023-05-11,0 days 00:01:21,81.0,День,0,1-5 min,9,34
V26/60_1,2.0,2023-05-11 09:34:40,2023-05-11 09:47:18,0.0,,False,,58.0,2023-05-11,0 days 00:12:38,758.0,День,0,5-20 min,9,34
VCENTR-70,2.0,2023-05-11 09:34:58,2023-05-11 09:35:13,0.0,,False,,40.0,2023-05-11,0 days 00:00:15,15.0,День,0,<1 min,9,34
VCENTR-70,1.0,2023-05-11 09:35:13,2023-05-11 09:37:08,1.0,O1120,True,,40.0,2023-05-11,0 days 00:01:55,115.0,День,0,1-5 min,9,35
V26/85,2.0,2023-05-11 09:35:14,2023-05-11 09:35:31,0.0,,False,,33.0,2023-05-11,0 days 00:00:17,17.0,День,0,<1 min,9,35
V26/85,1.0,2023-05-11 09:35:31,2023-05-11 09:36:28,1.0,O2005,True,,34.0,2023-05-11,0 days 00:00:57,57.0,День,0,<1 min,9,35
CK50,2.0,2023-05-11 09:35:45,2023-05-11 09:35:50,0.0,,False,,56.0,2023-05-11,0 days 00:00:05,5.0,День,0,<1 min,9,35
CK50,1.0,2023-05-11 09:35:50,2023-05-11 09:37:11,1.0,O0075,True,,57.0,2023-05-11,0 days 00:01:21,81.0,День,0,1-5 min,9,35
V26/85,2.0,2023-05-11 09:36:28,2023-05-11 09:37:24,0.0,,False,,34.0,2023-05-11,0 days 00:00:56,56.0,День,0,<1 min,9,36
V26/60_2,2.0,2023-05-11 09:36:55,2023-05-11 09:47:39,0.0,,False,,33.0,2023-05-11,0 days 00:10:44,644.0,День,0,5-20 min,9,36
VCENTR-70,2.0,2023-05-11 09:37:08,2023-05-11 09:37:22,0.0,,False,,41.0,2023-05-11,0 days 00:00:14,14.0,День,0,<1 min,9,37
CK50,2.0,2023-05-11 09:37:11,2023-05-11 09:37:23,0.0,,False,,57.0,2023-05-11,0 days 00:00:12,12.0,День,0,<1 min,9,37
VCENTR-70,1.0,2023-05-11 09:37:22,2023-05-11 09:39:18,1.0,O1120,True,,41.0,2023-05-11,0 days 00:01:56,116.0,День,0,1-5 min,9,37
CK50,1.0,2023-05-11 09:37:23,2023-05-11 09:38:44,1.0,O0075,True,,58.0,2023-05-11,0 days 00:01:21,81.0,День,0,1-5 min,9,37
V26/85,1.0,2023-05-11 09:37:24,2023-05-11 09:38:21,1.0,O2005,True,,35.0,2023-05-11,0 days 00:00:57,57.0,День,0,<1 min,9,37
V26/85,2.0,2023-05-11 09:38:21,2023-05-11 09:46:35,0.0,,False,,35.0,2023-05-11,0 days 00:08:14,494.0,День,0,5-20 min,9,38
CK50,2.0,2023-05-11 09:38:44,2023-05-11 09:38:49,0.0,,False,,58.0,2023-05-11,0 days 00:00:05,5.0,День,0,<1 min,9,38
CK50,1.0,2023-05-11 09:38:49,2023-05-11 09:40:10,1.0,O0075,True,,59.0,2023-05-11,0 days 00:01:21,81.0,День,0,1-5 min,9,38
VCENTR-70,2.0,2023-05-11 09:39:18,2023-05-11 09:39:33,0.0,,False,,42.0,2023-05-11,0 days 00:00:15,15.0,День,0,<1 min,9,39
VCENTR-70,1.0,2023-05-11 09:39:33,2023-05-11 09:41:28,1.0,O1120,True,,43.0,2023-05-11,0 days 00:01:55,115.0,День,0,1-5 min,9,39
CK50,2.0,2023-05-11 09:40:10,2023-05-11 09:40:47,0.0,,False,,59.0,2023-05-11,0 days 00:00:37,37.0,День,0,<1 min,9,40
CK50,1.0,2023-05-11 09:40:47,2023-05-11 09:42:09,1.0,O0075,True,,60.0,2023-05-11,0 days 00:01:22,82.0,День,0,1-5 min,9,40
VCENTR-70,2.0,2023-05-11 09:41:28,2023-05-11 09:41:42,0.0,,False,,43.0,2023-05-11,0 days 00:00:14,14.0,День,0,<1 min,9,41
VCENTR-70,1.0,2023-05-11 09:41:42,2023-05-11 09:43:38,1.0,O1120,True,,44.0,2023-05-11,0 days 00:01:56,116.0,День,0,1-5 min,9,41
CK50,2.0,2023-05-11 09:42:09,2023-05-11 09:42:13,0.0,,False,,60.0,2023-05-11,0 days 00:00:04,4.0,День,0,<1 min,9,42
CK50,1.0,2023-05-11 09:42:13,2023-05-11 09:43:34,1.0,O0075,True,,61.0,2023-05-11,0 days 00:01:21,81.0,День,0,1-5 min,9,42
CK50,2.0,2023-05-11 09:43:34,2023-05-11 09:43:39,0.0,,False,,61.0,2023-05-11,0 days 00:00:05,5.0,День,0,<1 min,9,43
VCENTR-70,2.0,2023-05-11 09:43:38,2023-05-11 09:43:50,0.0,,False,,44.0,2023-05-11,0 days 00:00:12,12.0,День,0,<1 min,9,43
CK50,1.0,2023-05-11 09:43:39,2023-05-11 09:45:00,1.0,O0075,True,,62.0,2023-05-11,0 days 00:01:21,81.0,День,0,1-5 min,9,43
VCENTR-70,1.0,2023-05-11 09:43:50,2023-05-11 09:45:46,1.0,O1120,True,,45.0,2023-05-11,0 days 00:01:56,116.0,День,0,1-5 min,9,43
CK50,2.0,2023-05-11 09:45:00,2023-05-11 09:45:04,0.0,,False,,62.0,2023-05-11,0 days 00:00:04,4.0,День,0,<1 min,9,45
CK50,1.0,2023-05-11 09:45:04,2023-05-11 09:46:26,1.0,O0075,True,,63.0,2023-05-11,0 days 00:01:22,82.0,День,0,1-5 min,9,45
VCENTR-70,2.0,2023-05-11 09:45:46,2023-05-11 09:46:15,0.0,,False,,45.0,2023-05-11,0 days 00:00:29,29.0,День,0,<1 min,9,45
VCENTR-70,1.0,2023-05-11 09:46:15,2023-05-11 09:48:11,1.0,O1120,True,,45.0,2023-05-11,0 days 00:01:56,116.0,День,0,1-5 min,9,46
CK50,2.0,2023-05-11 09:46:26,2023-05-11 09:46:30,0.0,,False,,63.0,2023-05-11,0 days 00:00:04,4.0,День,0,<1 min,9,46
CK50,1.0,2023-05-11 09:46:30,2023-05-11 09:47:52,1.0,O0075,True,,64.0,2023-05-11,0 days 00:01:22,82.0,День,0,1-5 min,9,46
V26/85,1.0,2023-05-11 09:46:35,2023-05-11 09:47:32,1.0,O2005,True,,36.0,2023-05-11,0 days 00:00:57,57.0,День,0,<1 min,9,46
V26/60_1,1.0,2023-05-11 09:47:18,2023-05-11 09:48:40,1.0,O1239,True,,59.0,2023-05-11,0 days 00:01:22,82.0,День,0,1-5 min,9,47
VTM9,1.0,2023-05-11 09:47:20,2023-05-11 09:47:26,0.0,O1245,True,,0.0,2023-05-11,0 days 00:00:06,6.0,День,0,<1 min,9,47
VTM9,2.0,2023-05-11 09:47:26,2023-05-11 10:56:49,0.0,,False,,0.0,2023-05-11,0 days 01:09:23,4163.0,День,0,60-... min,9,47
V26/85,2.0,2023-05-11 09:47:32,2023-05-11 09:47:50,0.0,,False,,36.0,2023-05-11,0 days 00:00:18,18.0,День,0,<1 min,9,47
V26/60_2,1.0,2023-05-11 09:47:39,2023-05-11 09:50:19,1.0,O1120,True,,34.0,2023-05-11,0 days 00:02:40,160.0,День,0,1-5 min,9,47
V26/85,1.0,2023-05-11 09:47:50,2023-05-11 09:48:47,1.0,O2005,True,,37.0,2023-05-11,0 days 00:00:57,57.0,День,0,<1 min,9,47
CK50,2.0,2023-05-11 09:47:52,2023-05-11 09:48:02,0.0,,False,,64.0,2023-05-11,0 days 00:00:10,10.0,День,0,<1 min,9,47
CK50,1.0,2023-05-11 09:48:02,2023-05-11 09:49:24,1.0,O0075,True,,65.0,2023-05-11,0 days 00:01:22,82.0,День,0,1-5 min,9,48
VCENTR-70,2.0,2023-05-11 09:48:11,2023-05-11 09:48:51,0.0,,False,,46.0,2023-05-11,0 days 00:00:40,40.0,День,0,<1 min,9,48
V26/60_1,2.0,2023-05-11 09:48:40,2023-05-11 09:48:53,0.0,,False,,59.0,2023-05-11,0 days 00:00:13,13.0,День,0,<1 min,9,48
V26/85,2.0,2023-05-11 09:48:47,2023-05-11 09:49:09,0.0,,False,,37.0,2023-05-11,0 days 00:00:22,22.0,День,0,<1 min,9,48
VCENTR-70,1.0,2023-05-11 09:48:51,2023-05-11 09:50:47,1.0,O1120,True,,47.0,2023-05-11,0 days 00:01:56,116.0,День,0,1-5 min,9,48
V26/60_1,1.0,2023-05-11 09:48:53,2023-05-11 09:50:13,1.0,O1239,True,,60.0,2023-05-11,0 days 00:01:20,80.0,День,0,1-5 min,9,48
V26/85,1.0,2023-05-11 09:49:09,2023-05-11 09:50:06,1.0,O2005,True,,38.0,2023-05-11,0 days 00:00:57,57.0,День,0,<1 min,9,49
CK50,2.0,2023-05-11 09:49:24,2023-05-11 09:49:29,0.0,,False,,65.0,2023-05-11,0 days 00:00:05,5.0,День,0,<1 min,9,49
CK50,1.0,2023-05-11 09:49:29,2023-05-11 09:50:50,1.0,O0075,True,,65.0,2023-05-11,0 days 00:01:21,81.0,День,0,1-5 min,9,49
V26/85,2.0,2023-05-11 09:50:06,2023-05-11 09:50:26,0.0,,False,,38.0,2023-05-11,0 days 00:00:20,20.0,День,0,<1 min,9,50
V26/60_1,2.0,2023-05-11 09:50:13,2023-05-11 09:50:52,0.0,,False,,60.0,2023-05-11,0 days 00:00:39,39.0,День,0,<1 min,9,50
V26/60_2,2.0,2023-05-11 09:50:19,2023-05-11 09:50:32,0.0,,False,,34.0,2023-05-11,0 days 00:00:13,13.0,День,0,<1 min,9,50
V26/85,1.0,2023-05-11 09:50:26,2023-05-11 09:51:22,1.0,O2005,True,,39.0,2023-05-11,0 days 00:00:56,56.0,День,0,<1 min,9,50
V26/60_2,1.0,2023-05-11 09:50:32,2023-05-11 09:53:12,1.0,O1120,True,,35.0,2023-05-11,0 days 00:02:40,160.0,День,0,1-5 min,9,50
VCENTR-70,2.0,2023-05-11 09:50:47,2023-05-11 09:51:03,0.0,,False,,47.0,2023-05-11,0 days 00:00:16,16.0,День,0,<1 min,9,50
CK50,2.0,2023-05-11 09:50:50,2023-05-11 09:50:54,0.0,,False,,66.0,2023-05-11,0 days 00:00:04,4.0,День,0,<1 min,9,50
V26/60_1,1.0,2023-05-11 09:50:52,2023-05-11 09:52:13,1.0,O1239,True,,61.0,2023-05-11,0 days 00:01:21,81.0,День,0,1-5 min,9,50
CK50,1.0,2023-05-11 09:50:54,2023-05-11 09:52:15,1.0,O0075,True,,67.0,2023-05-11,0 days 00:01:21,81.0,День,0,1-5 min,9,50
VCENTR-70,1.0,2023-05-11 09:51:03,2023-05-11 09:53:00,1.0,O1120,True,,48.0,2023-05-11,0 days 00:01:57,117.0,День,0,1-5 min,9,51
V26/85,2.0,2023-05-11 09:51:22,2023-05-11 09:51:38,0.0,,False,,39.0,2023-05-11,0 days 00:00:16,16.0,День,0,<1 min,9,51
V26/85,1.0,2023-05-11 09:51:38,2023-05-11 09:52:36,1.0,O2005,True,,40.0,2023-05-11,0 days 00:00:58,58.0,День,0,<1 min,9,51
V26/60_1,2.0,2023-05-11 09:52:13,2023-05-11 09:52:29,0.0,,False,,61.0,2023-05-11,0 days 00:00:16,16.0,День,0,<1 min,9,52
CK50,2.0,2023-05-11 09:52:15,2023-05-11 09:52:20,0.0,,False,,67.0,2023-05-11,0 days 00:00:05,5.0,День,0,<1 min,9,52
CK50,1.0,2023-05-11 09:52:20,2023-05-11 09:53:41,1.0,O0075,True,,68.0,2023-05-11,0 days 00:01:21,81.0,День,0,1-5 min,9,52
V26/60_1,1.0,2023-05-11 09:52:29,2023-05-11 09:53:50,1.0,O1239,True,,61.0,2023-05-11,0 days 00:01:21,81.0,День,0,1-5 min,9,52
V26/85,2.0,2023-05-11 09:52:36,2023-05-11 09:52:57,0.0,,False,,40.0,2023-05-11,0 days 00:00:21,21.0,День,0,<1 min,9,52
V26/85,1.0,2023-05-11 09:52:57,2023-05-11 09:53:54,1.0,O2005,True,,41.0,2023-05-11,0 days 00:00:57,57.0,День,0,<1 min,9,52
VCENTR-70,2.0,2023-05-11 09:53:00,2023-05-11 09:53:12,0.0,,False,,48.0,2023-05-11,0 days 00:00:12,12.0,День,0,<1 min,9,53
V26/60_2,2.0,2023-05-11 09:53:12,2023-05-11 09:53:32,0.0,,False,,35.0,2023-05-11,0 days 00:00:20,20.0,День,0,<1 min,9,53
VCENTR-70,1.0,2023-05-11 09:53:12,2023-05-11 09:55:08,1.0,O1120,True,,49.0,2023-05-11,0 days 00:01:56,116.0,День,0,1-5 min,9,53
V26/60_2,1.0,2023-05-11 09:53:32,2023-05-11 09:56:11,1.0,O1120,True,,36.0,2023-05-11,0 days 00:02:39,159.0,День,0,1-5 min,9,53
CK50,2.0,2023-05-11 09:53:41,2023-05-11 09:53:45,0.0,,False,,68.0,2023-05-11,0 days 00:00:04,4.0,День,0,<1 min,9,53
CK50,1.0,2023-05-11 09:53:45,2023-05-11 09:55:07,1.0,O0075,True,,69.0,2023-05-11,0 days 00:01:22,82.0,День,0,1-5 min,9,53
V26/60_1,2.0,2023-05-11 09:53:50,2023-05-11 09:54:05,0.0,,False,,62.0,2023-05-11,0 days 00:00:15,15.0,День,0,<1 min,9,53
V26/85,2.0,2023-05-11 09:53:54,2023-05-11 09:54:23,0.0,,False,,41.0,2023-05-11,0 days 00:00:29,29.0,День,0,<1 min,9,53
V26/60_1,1.0,2023-05-11 09:54:05,2023-05-11 09:55:26,1.0,O1239,True,,63.0,2023-05-11,0 days 00:01:21,81.0,День,0,1-5 min,9,54
V26/85,1.0,2023-05-11 09:54:23,2023-05-11 09:55:20,1.0,O2005,True,,42.0,2023-05-11,0 days 00:00:57,57.0,День,0,<1 min,9,54
CK50,2.0,2023-05-11 09:55:07,2023-05-11 09:55:18,0.0,,False,,69.0,2023-05-11,0 days 00:00:11,11.0,День,0,<1 min,9,55
VCENTR-70,2.0,2023-05-11 09:55:08,2023-05-11 09:55:22,0.0,,False,,49.0,2023-05-11,0 days 00:00:14,14.0,День,0,<1 min,9,55
CK50,1.0,2023-05-11 09:55:18,2023-05-11 09:56:40,1.0,O0075,True,,70.0,2023-05-11,0 days 00:01:22,82.0,День,0,1-5 min,9,55
V26/85,2.0,2023-05-11 09:55:20,2023-05-11 09:55:37,0.0,,False,,42.0,2023-05-11,0 days 00:00:17,17.0,День,0,<1 min,9,55
VCENTR-70,1.0,2023-05-11 09:55:22,2023-05-11 09:57:18,1.0,O1120,True,,50.0,2023-05-11,0 days 00:01:56,116.0,День,0,1-5 min,9,55
V26/60_1,2.0,2023-05-11 09:55:26,2023-05-11 09:55:41,0.0,,False,,63.0,2023-05-11,0 days 00:00:15,15.0,День,0,<1 min,9,55
V26/85,1.0,2023-05-11 09:55:37,2023-05-11 09:56:34,1.0,O2005,True,,43.0,2023-05-11,0 days 00:00:57,57.0,День,0,<1 min,9,55
V26/60_1,1.0,2023-05-11 09:55:41,2023-05-11 09:57:03,1.0,O1239,True,,64.0,2023-05-11,0 days 00:01:22,82.0,День,0,1-5 min,9,55
V26/60_2,2.0,2023-05-11 09:56:11,2023-05-11 09:56:22,0.0,,False,,36.0,2023-05-11,0 days 00:00:11,11.0,День,0,<1 min,9,56
V26/60_2,1.0,2023-05-11 09:56:22,2023-05-11 09:59:02,1.0,O1120,True,,37.0,2023-05-11,0 days 00:02:40,160.0,День,0,1-5 min,9,56
V26/85,2.0,2023-05-11 09:56:34,2023-05-11 09:56:49,0.0,,False,,43.0,2023-05-11,0 days 00:00:15,15.0,День,0,<1 min,9,56
CK50,2.0,2023-05-11 09:56:40,2023-05-11 09:56:45,0.0,,False,,70.0,2023-05-11,0 days 00:00:05,5.0,День,0,<1 min,9,56
CK50,1.0,2023-05-11 09:56:45,2023-05-11 09:58:06,1.0,O0075,True,,71.0,2023-05-11,0 days 00:01:21,81.0,День,0,1-5 min,9,56
V26/85,1.0,2023-05-11 09:56:49,2023-05-11 09:57:46,1.0,O2005,True,,44.0,2023-05-11,0 days 00:00:57,57.0,День,0,<1 min,9,56
V26/60_1,2.0,2023-05-11 09:57:03,2023-05-11 09:57:19,0.0,,False,,64.0,2023-05-11,0 days 00:00:16,16.0,День,0,<1 min,9,57
VCENTR-70,2.0,2023-05-11 09:57:18,2023-05-11 09:57:31,0.0,,False,,50.0,2023-05-11,0 days 00:00:13,13.0,День,0,<1 min,9,57
V26/60_1,1.0,2023-05-11 09:57:19,2023-05-11 09:58:39,1.0,O1239,True,,65.0,2023-05-11,0 days 00:01:20,80.0,День,0,1-5 min,9,57
VCENTR-70,1.0,2023-05-11 09:57:31,2023-05-11 09:59:28,1.0,O1120,True,,51.0,2023-05-11,0 days 00:01:57,117.0,День,0,1-5 min,9,57
V26/85,2.0,2023-05-11 09:57:46,2023-05-11 09:57:59,0.0,,False,,44.0,2023-05-11,0 days 00:00:13,13.0,День,0,<1 min,9,57
V26/85,1.0,2023-05-11 09:57:59,2023-05-11 09:58:56,1.0,O2005,True,,45.0,2023-05-11,0 days 00:00:57,57.0,День,0,<1 min,9,57
CK50,2.0,2023-05-11 09:58:06,2023-05-11 09:58:13,0.0,,False,,71.0,2023-05-11,0 days 00:00:07,7.0,День,0,<1 min,9,58
CK50,1.0,2023-05-11 09:58:13,2023-05-11 09:59:34,1.0,O0075,True,,72.0,2023-05-11,0 days 00:01:21,81.0,День,0,1-5 min,9,58
V26/60_1,2.0,2023-05-11 09:58:39,2023-05-11 09:58:54,0.0,,False,,65.0,2023-05-11,0 days 00:00:15,15.0,День,0,<1 min,9,58
V26/60_1,1.0,2023-05-11 09:58:54,2023-05-11 10:00:16,1.0,O1239,True,,66.0,2023-05-11,0 days 00:01:22,82.0,День,0,1-5 min,9,58
V26/85,2.0,2023-05-11 09:58:56,2023-05-11 09:59:08,0.0,,False,,45.0,2023-05-11,0 days 00:00:12,12.0,День,0,<1 min,9,58
V26/60_2,2.0,2023-05-11 09:59:02,2023-05-11 09:59:16,0.0,,False,,37.0,2023-05-11,0 days 00:00:14,14.0,День,0,<1 min,9,59
V26/85,1.0,2023-05-11 09:59:08,2023-05-11 10:00:05,1.0,O2005,True,,46.0,2023-05-11,0 days 00:00:57,57.0,День,0,<1 min,9,59
V26/60_2,1.0,2023-05-11 09:59:16,2023-05-11 10:01:56,1.0,O1120,True,,38.0,2023-05-11,0 days 00:02:40,160.0,День,0,1-5 min,9,59
VCENTR-70,2.0,2023-05-11 09:59:28,2023-05-11 09:59:42,0.0,,False,,51.0,2023-05-11,0 days 00:00:14,14.0,День,0,<1 min,9,59
CK50,2.0,2023-05-11 09:59:34,2023-05-11 10:00:47,0.0,,False,,72.0,2023-05-11,0 days 00:01:13,73.0,День,0,1-5 min,9,59
VCENTR-70,1.0,2023-05-11 09:59:42,2023-05-11 10:01:38,1.0,O1120,True,,52.0,2023-05-11,0 days 00:01:56,116.0,День,0,1-5 min,9,59
V26/85,2.0,2023-05-11 10:00:05,2023-05-11 10:00:29,0.0,,False,,46.0,2023-05-11,0 days 00:00:24,24.0,День,0,<1 min,10,0
V26/60_1,2.0,2023-05-11 10:00:16,2023-05-11 10:00:34,0.0,,False,,66.0,2023-05-11,0 days 00:00:18,18.0,День,0,<1 min,10,0
V26/85,1.0,2023-05-11 10:00:29,2023-05-11 10:01:26,1.0,O2005,True,,47.0,2023-05-11,0 days 00:00:57,57.0,День,0,<1 min,10,0
V26/60_1,1.0,2023-05-11 10:00:34,2023-05-11 10:01:55,1.0,O1239,True,,67.0,2023-05-11,0 days 00:01:21,81.0,День,0,1-5 min,10,0
CK50,1.0,2023-05-11 10:00:47,2023-05-11 10:02:08,1.0,O0075,True,,73.0,2023-05-11,0 days 00:01:21,81.0,День,0,1-5 min,10,0
V26/85,2.0,2023-05-11 10:01:26,2023-05-11 10:01:46,0.0,,False,,47.0,2023-05-11,0 days 00:00:20,20.0,День,0,<1 min,10,1
VCENTR-70,2.0,2023-05-11 10:01:38,2023-05-11 10:05:00,0.0,,False,,52.0,2023-05-11,0 days 00:03:22,202.0,День,0,1-5 min,10,1
V26/85,1.0,2023-05-11 10:01:46,2023-05-11 10:02:42,1.0,O2005,True,,48.0,2023-05-11,0 days 00:00:56,56.0,День,0,<1 min,10,1
V26/60_1,2.0,2023-05-11 10:01:55,2023-05-11 10:02:54,0.0,,False,,67.0,2023-05-11,0 days 00:00:59,59.0,День,0,<1 min,10,1
V26/60_2,2.0,2023-05-11 10:01:56,2023-05-11 10:02:20,0.0,,False,,38.0,2023-05-11,0 days 00:00:24,24.0,День,0,<1 min,10,1
CK50,2.0,2023-05-11 10:02:08,2023-05-11 10:02:12,0.0,,False,,73.0,2023-05-11,0 days 00:00:04,4.0,День,0,<1 min,10,2
CK50,1.0,2023-05-11 10:02:12,2023-05-11 10:03:34,1.0,O0075,True,,74.0,2023-05-11,0 days 00:01:22,82.0,День,0,1-5 min,10,2
V26/60_2,1.0,2023-05-11 10:02:20,2023-05-11 10:05:00,1.0,O1120,True,,38.0,2023-05-11,0 days 00:02:40,160.0,День,0,1-5 min,10,2
V26/85,2.0,2023-05-11 10:02:42,2023-05-11 10:02:54,0.0,,False,,48.0,2023-05-11,0 days 00:00:12,12.0,День,0,<1 min,10,2
V26/60_1,1.0,2023-05-11 10:02:54,2023-05-11 10:04:15,1.0,O1239,True,,68.0,2023-05-11,0 days 00:01:21,81.0,День,0,1-5 min,10,2
V26/85,1.0,2023-05-11 10:02:54,2023-05-11 10:03:51,1.0,O2005,True,,48.0,2023-05-11,0 days 00:00:57,57.0,День,0,<1 min,10,2
CK50,2.0,2023-05-11 10:03:34,2023-05-11 10:03:54,0.0,,False,,74.0,2023-05-11,0 days 00:00:20,20.0,День,0,<1 min,10,3
V26/85,2.0,2023-05-11 10:03:51,2023-05-11 10:04:07,0.0,,False,,49.0,2023-05-11,0 days 00:00:16,16.0,День,0,<1 min,10,3
CK50,1.0,2023-05-11 10:03:54,2023-05-11 10:05:15,1.0,O0075,True,,75.0,2023-05-11,0 days 00:01:21,81.0,День,0,1-5 min,10,3
V26/85,1.0,2023-05-11 10:04:07,2023-05-11 10:05:04,1.0,O2005,True,,50.0,2023-05-11,0 days 00:00:57,57.0,День,0,<1 min,10,4
V26/60_1,2.0,2023-05-11 10:04:15,2023-05-11 10:04:30,0.0,,False,,68.0,2023-05-11,0 days 00:00:15,15.0,День,0,<1 min,10,4
V26/60_1,1.0,2023-05-11 10:04:30,2023-05-11 10:05:51,1.0,O1239,True,,69.0,2023-05-11,0 days 00:01:21,81.0,День,0,1-5 min,10,4
V26/60_2,2.0,2023-05-11 10:05:00,2023-05-11 10:05:12,0.0,,False,,39.0,2023-05-11,0 days 00:00:12,12.0,День,0,<1 min,10,5
VCENTR-70,1.0,2023-05-11 10:05:00,2023-05-11 10:06:56,1.0,O1120,True,,53.0,2023-05-11,0 days 00:01:56,116.0,День,0,1-5 min,10,5
V26/85,2.0,2023-05-11 10:05:04,2023-05-11 10:05:16,0.0,,False,,50.0,2023-05-11,0 days 00:00:12,12.0,День,0,<1 min,10,5
V26/60_2,1.0,2023-05-11 10:05:12,2023-05-11 10:07:52,1.0,O1120,True,,40.0,2023-05-11,0 days 00:02:40,160.0,День,0,1-5 min,10,5
CK50,2.0,2023-05-11 10:05:15,2023-05-11 10:05:26,0.0,,False,,75.0,2023-05-11,0 days 00:00:11,11.0,День,0,<1 min,10,5
V26/85,1.0,2023-05-11 10:05:16,2023-05-11 10:06:13,1.0,O2005,True,,51.0,2023-05-11,0 days 00:00:57,57.0,День,0,<1 min,10,5
CK50,1.0,2023-05-11 10:05:26,2023-05-11 10:06:47,1.0,O0075,True,,76.0,2023-05-11,0 days 00:01:21,81.0,День,0,1-5 min,10,5
V26/60_1,2.0,2023-05-11 10:05:51,2023-05-11 10:06:07,0.0,,False,,69.0,2023-05-11,0 days 00:00:16,16.0,День,0,<1 min,10,5
V26/60_1,1.0,2023-05-11 10:06:07,2023-05-11 10:07:27,1.0,O1239,True,,70.0,2023-05-11,0 days 00:01:20,80.0,День,0,1-5 min,10,6
V26/85,2.0,2023-05-11 10:06:13,2023-05-11 10:09:21,0.0,,False,,51.0,2023-05-11,0 days 00:03:08,188.0,День,0,1-5 min,10,6
CK50,2.0,2023-05-11 10:06:47,2023-05-11 10:07:34,0.0,,False,,76.0,2023-05-11,0 days 00:00:47,47.0,День,0,<1 min,10,6
VCENTR-70,2.0,2023-05-11 10:06:56,2023-05-11 10:07:17,0.0,,False,,53.0,2023-05-11,0 days 00:00:21,21.0,День,0,<1 min,10,6
VCENTR-70,1.0,2023-05-11 10:07:17,2023-05-11 10:09:13,1.0,O1120,True,,54.0,2023-05-11,0 days 00:01:56,116.0,День,0,1-5 min,10,7
V26/60_1,2.0,2023-05-11 10:07:27,2023-05-11 10:07:40,0.0,,False,,70.0,2023-05-11,0 days 00:00:13,13.0,День,0,<1 min,10,7
CK50,1.0,2023-05-11 10:07:34,2023-05-11 10:08:55,1.0,O0075,True,,77.0,2023-05-11,0 days 00:01:21,81.0,День,0,1-5 min,10,7
V26/60_1,1.0,2023-05-11 10:07:40,2023-05-11 10:09:00,1.0,O1239,True,,71.0,2023-05-11,0 days 00:01:20,80.0,День,0,1-5 min,10,7
V26/60_2,2.0,2023-05-11 10:07:52,2023-05-11 10:08:09,0.0,,False,,40.0,2023-05-11,0 days 00:00:17,17.0,День,0,<1 min,10,7
V26/60_2,1.0,2023-05-11 10:08:09,2023-05-11 10:10:48,1.0,O1120,True,,41.0,2023-05-11,0 days 00:02:39,159.0,День,0,1-5 min,10,8
CK50,2.0,2023-05-11 10:08:55,2023-05-11 10:08:59,0.0,,False,,77.0,2023-05-11,0 days 00:00:04,4.0,День,0,<1 min,10,8
CK50,1.0,2023-05-11 10:08:59,2023-05-11 10:10:21,1.0,O0075,True,,77.0,2023-05-11,0 days 00:01:22,82.0,День,0,1-5 min,10,8
V26/60_1,2.0,2023-05-11 10:09:00,2023-05-11 10:09:17,0.0,,False,,71.0,2023-05-11,0 days 00:00:17,17.0,День,0,<1 min,10,9
VCENTR-70,2.0,2023-05-11 10:09:13,2023-05-11 10:11:40,0.0,,False,,54.0,2023-05-11,0 days 00:02:27,147.0,День,0,1-5 min,10,9
V26/60_1,1.0,2023-05-11 10:09:17,2023-05-11 10:10:37,1.0,O1239,True,,72.0,2023-05-11,0 days 00:01:20,80.0,День,0,1-5 min,10,9
V26/85,1.0,2023-05-11 10:09:21,2023-05-11 10:10:19,1.0,O2005,True,,52.0,2023-05-11,0 days 00:00:58,58.0,День,0,<1 min,10,9
V26/85,2.0,2023-05-11 10:10:19,2023-05-11 10:10:30,0.0,,False,,52.0,2023-05-11,0 days 00:00:11,11.0,День,0,<1 min,10,10
CK50,2.0,2023-05-11 10:10:21,2023-05-11 10:10:25,0.0,,False,,78.0,2023-05-11,0 days 00:00:04,4.0,День,0,<1 min,10,10
CK50,1.0,2023-05-11 10:10:25,2023-05-11 10:11:46,1.0,O0075,True,,79.0,2023-05-11,0 days 00:01:21,81.0,День,0,1-5 min,10,10
V26/85,1.0,2023-05-11 10:10:30,2023-05-11 10:11:26,1.0,O2005,True,,53.0,2023-05-11,0 days 00:00:56,56.0,День,0,<1 min,10,10
V26/60_1,2.0,2023-05-11 10:10:37,2023-05-11 10:13:26,0.0,,False,,72.0,2023-05-11,0 days 00:02:49,169.0,День,0,1-5 min,10,10
V26/60_2,2.0,2023-05-11 10:10:48,2023-05-11 10:11:05,0.0,,False,,41.0,2023-05-11,0 days 00:00:17,17.0,День,0,<1 min,10,10
V26/60_2,1.0,2023-05-11 10:11:05,2023-05-11 10:13:45,1.0,O1120,True,,42.0,2023-05-11,0 days 00:02:40,160.0,День,0,1-5 min,10,11
V26/85,2.0,2023-05-11 10:11:26,2023-05-11 10:11:33,0.0,,False,,53.0,2023-05-11,0 days 00:00:07,7.0,День,0,<1 min,10,11
V26/85,1.0,2023-05-11 10:11:33,2023-05-11 10:12:30,1.0,O2005,True,,54.0,2023-05-11,0 days 00:00:57,57.0,День,0,<1 min,10,11
VCENTR-70,1.0,2023-05-11 10:11:40,2023-05-11 10:13:40,1.0,O1120,True,,55.0,2023-05-11,0 days 00:02:00,120.0,День,0,1-5 min,10,11
CK50,2.0,2023-05-11 10:11:46,2023-05-11 10:11:53,0.0,,False,,79.0,2023-05-11,0 days 00:00:07,7.0,День,0,<1 min,10,11
CK50,1.0,2023-05-11 10:11:53,2023-05-11 10:13:14,1.0,O0075,True,,80.0,2023-05-11,0 days 00:01:21,81.0,День,0,1-5 min,10,11
V26/85,2.0,2023-05-11 10:12:30,2023-05-11 10:12:36,0.0,,False,,54.0,2023-05-11,0 days 00:00:06,6.0,День,0,<1 min,10,12
V26/85,1.0,2023-05-11 10:12:36,2023-05-11 10:13:33,1.0,O2005,True,,55.0,2023-05-11,0 days 00:00:57,57.0,День,0,<1 min,10,12
CK50,2.0,2023-05-11 10:13:14,2023-05-11 10:13:32,0.0,,False,,80.0,2023-05-11,0 days 00:00:18,18.0,День,0,<1 min,10,13
V26/60_1,1.0,2023-05-11 10:13:26,2023-05-11 10:14:47,1.0,O1239,True,,73.0,2023-05-11,0 days 00:01:21,81.0,День,0,1-5 min,10,13
CK50,1.0,2023-05-11 10:13:32,2023-05-11 10:14:53,1.0,O0075,True,,81.0,2023-05-11,0 days 00:01:21,81.0,День,0,1-5 min,10,13
V26/85,2.0,2023-05-11 10:13:33,2023-05-11 10:13:42,0.0,,False,,55.0,2023-05-11,0 days 00:00:09,9.0,День,0,<1 min,10,13
VCENTR-70,2.0,2023-05-11 10:13:40,2023-05-11 10:13:55,0.0,,False,,55.0,2023-05-11,0 days 00:00:15,15.0,День,0,<1 min,10,13
V26/85,1.0,2023-05-11 10:13:42,2023-05-11 10:14:40,1.0,O2005,True,,56.0,2023-05-11,0 days 00:00:58,58.0,День,0,<1 min,10,13
V26/60_2,2.0,2023-05-11 10:13:45,2023-05-11 10:14:13,0.0,,False,,42.0,2023-05-11,0 days 00:00:28,28.0,День,0,<1 min,10,13
VCENTR-70,1.0,2023-05-11 10:13:55,2023-05-11 10:15:51,1.0,O1120,True,,56.0,2023-05-11,0 days 00:01:56,116.0,День,0,1-5 min,10,13
V26/60_2,1.0,2023-05-11 10:14:13,2023-05-11 10:16:53,1.0,O1120,True,,43.0,2023-05-11,0 days 00:02:40,160.0,День,0,1-5 min,10,14
V26/85,2.0,2023-05-11 10:14:40,2023-05-11 10:14:48,0.0,,False,,56.0,2023-05-11,0 days 00:00:08,8.0,День,0,<1 min,10,14
V26/60_1,2.0,2023-05-11 10:14:47,2023-05-11 10:15:04,0.0,,False,,73.0,2023-05-11,0 days 00:00:17,17.0,День,0,<1 min,10,14
V26/85,1.0,2023-05-11 10:14:48,2023-05-11 10:15:45,1.0,O2005,True,,57.0,2023-05-11,0 days 00:00:57,57.0,День,0,<1 min,10,14
CK50,2.0,2023-05-11 10:14:53,2023-05-11 10:15:19,0.0,,False,,81.0,2023-05-11,0 days 00:00:26,26.0,День,0,<1 min,10,14
V26/60_1,1.0,2023-05-11 10:15:04,2023-05-11 10:16:24,1.0,O1239,True,,74.0,2023-05-11,0 days 00:01:20,80.0,День,0,1-5 min,10,15
VCENTR-102,1.0,2023-05-11 10:15:17,2023-05-11 10:15:19,0.0,O0,True,,111.0,2023-05-11,0 days 00:00:02,2.0,День,0,<1 min,10,15
CK50,1.0,2023-05-11 10:15:19,2023-05-11 10:16:40,1.0,O0075,True,,82.0,2023-05-11,0 days 00:01:21,81.0,День,0,1-5 min,10,15
VCENTR-102,2.0,2023-05-11 10:15:19,2023-05-11 10:16:30,0.0,,False,,111.0,2023-05-11,0 days 00:01:11,71.0,День,0,1-5 min,10,15
V26/85,2.0,2023-05-11 10:15:45,2023-05-11 10:16:04,0.0,,False,,57.0,2023-05-11,0 days 00:00:19,19.0,День,0,<1 min,10,15
VCENTR-70,2.0,2023-05-11 10:15:51,2023-05-11 10:16:09,0.0,,False,,56.0,2023-05-11,0 days 00:00:18,18.0,День,0,<1 min,10,15
V26/85,1.0,2023-05-11 10:16:04,2023-05-11 10:17:01,1.0,O2005,True,,58.0,2023-05-11,0 days 00:00:57,57.0,День,0,<1 min,10,16
VCENTR-70,1.0,2023-05-11 10:16:09,2023-05-11 10:18:07,1.0,O1120,True,,57.0,2023-05-11,0 days 00:01:58,118.0,День,0,1-5 min,10,16
V26/60_1,2.0,2023-05-11 10:16:24,2023-05-11 10:16:37,0.0,,False,,74.0,2023-05-11,0 days 00:00:13,13.0,День,0,<1 min,10,16
VCENTR-102,1.0,2023-05-11 10:16:30,2023-05-11 10:16:34,0.0,O8462,True,,111.0,2023-05-11,0 days 00:00:04,4.0,День,0,<1 min,10,16
VCENTR-102,2.0,2023-05-11 10:16:34,2023-05-11 10:18:24,0.0,,False,,111.0,2023-05-11,0 days 00:01:50,110.0,День,0,1-5 min,10,16
V26/60_1,1.0,2023-05-11 10:16:37,2023-05-11 10:17:59,1.0,O1239,True,,75.0,2023-05-11,0 days 00:01:22,82.0,День,0,1-5 min,10,16
CK50,2.0,2023-05-11 10:16:40,2023-05-11 10:16:46,0.0,,False,,82.0,2023-05-11,0 days 00:00:06,6.0,День,0,<1 min,10,16
CK50,1.0,2023-05-11 10:16:46,2023-05-11 10:18:07,1.0,O0075,True,,82.0,2023-05-11,0 days 00:01:21,81.0,День,0,1-5 min,10,16
V26/60_2,2.0,2023-05-11 10:16:53,2023-05-11 10:17:09,0.0,,False,,43.0,2023-05-11,0 days 00:00:16,16.0,День,0,<1 min,10,16
V26/85,2.0,2023-05-11 10:17:01,2023-05-11 10:17:08,0.0,,False,,58.0,2023-05-11,0 days 00:00:07,7.0,День,0,<1 min,10,17
V26/85,1.0,2023-05-11 10:17:08,2023-05-11 10:18:05,1.0,O2005,True,,59.0,2023-05-11,0 days 00:00:57,57.0,День,0,<1 min,10,17
V26/60_2,1.0,2023-05-11 10:17:09,2023-05-11 10:19:49,1.0,O1120,True,,43.0,2023-05-11,0 days 00:02:40,160.0,День,0,1-5 min,10,17
V26/60_1,2.0,2023-05-11 10:17:59,2023-05-11 10:18:11,0.0,,False,,75.0,2023-05-11,0 days 00:00:12,12.0,День,0,<1 min,10,17
V26/85,2.0,2023-05-11 10:18:05,2023-05-11 10:18:12,0.0,,False,,59.0,2023-05-11,0 days 00:00:07,7.0,День,0,<1 min,10,18
CK50,2.0,2023-05-11 10:18:07,2023-05-11 10:18:28,0.0,,False,,83.0,2023-05-11,0 days 00:00:21,21.0,День,0,<1 min,10,18
VCENTR-70,2.0,2023-05-11 10:18:07,2023-05-11 10:18:17,0.0,,False,,57.0,2023-05-11,0 days 00:00:10,10.0,День,0,<1 min,10,18
V26/60_1,1.0,2023-05-11 10:18:11,2023-05-11 10:19:32,1.0,O1239,True,,76.0,2023-05-11,0 days 00:01:21,81.0,День,0,1-5 min,10,18
V26/85,1.0,2023-05-11 10:18:12,2023-05-11 10:19:09,1.0,O2005,True,,60.0,2023-05-11,0 days 00:00:57,57.0,День,0,<1 min,10,18
VCENTR-70,1.0,2023-05-11 10:18:17,2023-05-11 10:20:13,1.0,O1120,True,,57.0,2023-05-11,0 days 00:01:56,116.0,День,0,1-5 min,10,18
VCENTR-102,1.0,2023-05-11 10:18:24,2023-05-11 10:18:30,0.0,O0,True,,111.0,2023-05-11,0 days 00:00:06,6.0,День,0,<1 min,10,18
CK50,1.0,2023-05-11 10:18:28,2023-05-11 10:19:49,1.0,O0075,True,,84.0,2023-05-11,0 days 00:01:21,81.0,День,0,1-5 min,10,18
VCENTR-102,2.0,2023-05-11 10:18:30,2023-05-11 10:19:42,0.0,,False,,111.0,2023-05-11,0 days 00:01:12,72.0,День,0,1-5 min,10,18
V26/85,2.0,2023-05-11 10:19:09,2023-05-11 10:19:17,0.0,,False,,60.0,2023-05-11,0 days 00:00:08,8.0,День,0,<1 min,10,19
V26/85,1.0,2023-05-11 10:19:17,2023-05-11 10:20:14,1.0,O2005,True,,61.0,2023-05-11,0 days 00:00:57,57.0,День,0,<1 min,10,19
V26/60_1,2.0,2023-05-11 10:19:32,2023-05-11 10:19:56,0.0,,False,,76.0,2023-05-11,0 days 00:00:24,24.0,День,0,<1 min,10,19
VCENTR-102,1.0,2023-05-11 10:19:42,2023-05-11 10:19:47,0.0,O8462,True,,111.0,2023-05-11,0 days 00:00:05,5.0,День,0,<1 min,10,19
VCENTR-102,2.0,2023-05-11 10:19:47,2023-05-11 10:19:55,0.0,,False,,111.0,2023-05-11,0 days 00:00:08,8.0,День,0,<1 min,10,19
V26/60_2,2.0,2023-05-11 10:19:49,2023-05-11 10:20:01,0.0,,False,,44.0,2023-05-11,0 days 00:00:12,12.0,День,0,<1 min,10,19
CK50,2.0,2023-05-11 10:19:49,2023-05-11 10:20:07,0.0,,False,,84.0,2023-05-11,0 days 00:00:18,18.0,День,0,<1 min,10,19
VCENTR-102,1.0,2023-05-11 10:19:55,2023-05-11 10:19:57,0.0,O0,True,,111.0,2023-05-11,0 days 00:00:02,2.0,День,0,<1 min,10,19
V26/60_1,1.0,2023-05-11 10:19:56,2023-05-11 10:21:18,1.0,O1239,True,,77.0,2023-05-11,0 days 00:01:22,82.0,День,0,1-5 min,10,19
VCENTR-102,2.0,2023-05-11 10:19:57,2023-05-11 10:24:49,0.0,,False,,111.0,2023-05-11,0 days 00:04:52,292.0,День,0,1-5 min,10,19
V26/60_2,1.0,2023-05-11 10:20:01,2023-05-11 10:22:41,1.0,O1120,True,,45.0,2023-05-11,0 days 00:02:40,160.0,День,0,1-5 min,10,20
CK50,1.0,2023-05-11 10:20:07,2023-05-11 10:21:28,1.0,O0075,True,,85.0,2023-05-11,0 days 00:01:21,81.0,День,0,1-5 min,10,20
VCENTR-70,2.0,2023-05-11 10:20:13,2023-05-11 10:20:31,0.0,,False,,58.0,2023-05-11,0 days 00:00:18,18.0,День,0,<1 min,10,20
V26/85,2.0,2023-05-11 10:20:14,2023-05-11 10:21:42,0.0,,False,,61.0,2023-05-11,0 days 00:01:28,88.0,День,0,1-5 min,10,20
VCENTR-70,1.0,2023-05-11 10:20:31,2023-05-11 10:22:27,1.0,O1120,True,,59.0,2023-05-11,0 days 00:01:56,116.0,День,0,1-5 min,10,20
V26/60_1,2.0,2023-05-11 10:21:18,2023-05-11 10:22:07,0.0,,False,,77.0,2023-05-11,0 days 00:00:49,49.0,День,0,<1 min,10,21
CK50,2.0,2023-05-11 10:21:28,2023-05-11 10:21:37,0.0,,False,,85.0,2023-05-11,0 days 00:00:09,9.0,День,0,<1 min,10,21
CK50,1.0,2023-05-11 10:21:37,2023-05-11 10:22:58,1.0,O0075,True,,86.0,2023-05-11,0 days 00:01:21,81.0,День,0,1-5 min,10,21
V26/85,1.0,2023-05-11 10:21:42,2023-05-11 10:22:40,1.0,O2005,True,,62.0,2023-05-11,0 days 00:00:58,58.0,День,0,<1 min,10,21
V26/60_1,1.0,2023-05-11 10:22:07,2023-05-11 10:23:27,1.0,O1239,True,,78.0,2023-05-11,0 days 00:01:20,80.0,День,0,1-5 min,10,22
VCENTR-70,2.0,2023-05-11 10:22:27,2023-05-11 10:22:39,0.0,,False,,59.0,2023-05-11,0 days 00:00:12,12.0,День,0,<1 min,10,22
VCENTR-70,1.0,2023-05-11 10:22:39,2023-05-11 10:22:42,0.0,O1120,True,,59.0,2023-05-11,0 days 00:00:03,3.0,День,0,<1 min,10,22
V26/85,2.0,2023-05-11 10:22:40,2023-05-11 10:22:46,0.0,,False,,62.0,2023-05-11,0 days 00:00:06,6.0,День,0,<1 min,10,22
V26/60_2,2.0,2023-05-11 10:22:41,2023-05-11 10:22:57,0.0,,False,,45.0,2023-05-11,0 days 00:00:16,16.0,День,0,<1 min,10,22
VCENTR-70,2.0,2023-05-11 10:22:42,2023-05-11 10:23:31,0.0,,False,,59.0,2023-05-11,0 days 00:00:49,49.0,День,0,<1 min,10,22
V26/85,1.0,2023-05-11 10:22:46,2023-05-11 10:23:42,1.0,O2005,True,,63.0,2023-05-11,0 days 00:00:56,56.0,День,0,<1 min,10,22
V26/60_2,1.0,2023-05-11 10:22:57,2023-05-11 10:25:38,1.0,O1120,True,,46.0,2023-05-11,0 days 00:02:41,161.0,День,0,1-5 min,10,22
CK50,2.0,2023-05-11 10:22:58,2023-05-11 10:23:10,0.0,,False,,86.0,2023-05-11,0 days 00:00:12,12.0,День,0,<1 min,10,22
CK50,1.0,2023-05-11 10:23:10,2023-05-11 10:24:31,1.0,O0075,True,,87.0,2023-05-11,0 days 00:01:21,81.0,День,0,1-5 min,10,23
V26/60_1,2.0,2023-05-11 10:23:27,2023-05-11 10:23:44,0.0,,False,,78.0,2023-05-11,0 days 00:00:17,17.0,День,0,<1 min,10,23
VCENTR-70,1.0,2023-05-11 10:23:31,2023-05-11 10:25:24,1.0,O1120,True,,60.0,2023-05-11,0 days 00:01:53,113.0,День,0,1-5 min,10,23
V26/85,2.0,2023-05-11 10:23:42,2023-05-11 10:23:54,0.0,,False,,63.0,2023-05-11,0 days 00:00:12,12.0,День,0,<1 min,10,23
V26/60_1,1.0,2023-05-11 10:23:44,2023-05-11 10:25:05,1.0,O1239,True,,79.0,2023-05-11,0 days 00:01:21,81.0,День,0,1-5 min,10,23
V26/85,1.0,2023-05-11 10:23:54,2023-05-11 10:24:51,1.0,O2005,True,,64.0,2023-05-11,0 days 00:00:57,57.0,День,0,<1 min,10,23
CK50,2.0,2023-05-11 10:24:31,2023-05-11 10:24:40,0.0,,False,,87.0,2023-05-11,0 days 00:00:09,9.0,День,0,<1 min,10,24
CK50,1.0,2023-05-11 10:24:40,2023-05-11 10:26:00,1.0,O0075,True,,88.0,2023-05-11,0 days 00:01:20,80.0,День,0,1-5 min,10,24
VCENTR-102,1.0,2023-05-11 10:24:49,2023-05-11 10:24:59,0.0,O2130,True,,0.0,2023-05-11,0 days 00:00:10,10.0,День,0,<1 min,10,24
V26/85,2.0,2023-05-11 10:24:51,2023-05-11 10:24:59,0.0,,False,,64.0,2023-05-11,0 days 00:00:08,8.0,День,0,<1 min,10,24
V26/85,1.0,2023-05-11 10:24:59,2023-05-11 10:25:56,1.0,O2005,True,,65.0,2023-05-11,0 days 00:00:57,57.0,День,0,<1 min,10,24
VCENTR-102,3.0,2023-05-11 10:24:59,2023-05-11 10:25:02,0.0,,False,"No:224,TURN TO REFERENCE POINT",0.0,2023-05-11,0 days 00:00:03,3.0,День,0,<1 min,10,24
VCENTR-102,2.0,2023-05-11 10:25:02,2023-05-11 10:25:47,0.0,,False,,0.0,2023-05-11,0 days 00:00:45,45.0,День,0,<1 min,10,25
V26/60_1,2.0,2023-05-11 10:25:05,2023-05-11 10:25:14,0.0,,False,,79.0,2023-05-11,0 days 00:00:09,9.0,День,0,<1 min,10,25
V26/60_1,1.0,2023-05-11 10:25:14,2023-05-11 10:26:36,1.0,O1239,True,,80.0,2023-05-11,0 days 00:01:22,82.0,День,0,1-5 min,10,25
VCENTR-70,2.0,2023-05-11 10:25:24,2023-05-11 10:25:39,0.0,,False,,60.0,2023-05-11,0 days 00:00:15,15.0,День,0,<1 min,10,25
V26/60_2,2.0,2023-05-11 10:25:38,2023-05-11 10:25:51,0.0,,False,,46.0,2023-05-11,0 days 00:00:13,13.0,День,0,<1 min,10,25
VCENTR-70,1.0,2023-05-11 10:25:39,2023-05-11 10:27:35,1.0,O1120,True,,61.0,2023-05-11,0 days 00:01:56,116.0,День,0,1-5 min,10,25
VCENTR-102,1.0,2023-05-11 10:25:47,2023-05-11 10:25:51,0.0,O2130,True,,0.0,2023-05-11,0 days 00:00:04,4.0,День,0,<1 min,10,25
VCENTR-102,2.0,2023-05-11 10:25:51,2023-05-11 10:28:21,0.0,,False,,0.0,2023-05-11,0 days 00:02:30,150.0,День,0,1-5 min,10,25
V26/60_2,1.0,2023-05-11 10:25:51,2023-05-11 10:28:31,1.0,O1120,True,,47.0,2023-05-11,0 days 00:02:40,160.0,День,0,1-5 min,10,25
V26/85,2.0,2023-05-11 10:25:56,2023-05-11 10:26:04,0.0,,False,,65.0,2023-05-11,0 days 00:00:08,8.0,День,0,<1 min,10,25
CK50,2.0,2023-05-11 10:26:00,2023-05-11 10:26:06,0.0,,False,,88.0,2023-05-11,0 days 00:00:06,6.0,День,0,<1 min,10,26
V26/85,1.0,2023-05-11 10:26:04,2023-05-11 10:27:01,1.0,O2005,True,,66.0,2023-05-11,0 days 00:00:57,57.0,День,0,<1 min,10,26
CK50,1.0,2023-05-11 10:26:06,2023-05-11 10:27:27,1.0,O0075,True,,89.0,2023-05-11,0 days 00:01:21,81.0,День,0,1-5 min,10,26
V26/60_1,2.0,2023-05-11 10:26:36,2023-05-11 10:26:46,0.0,,False,,80.0,2023-05-11,0 days 00:00:10,10.0,День,0,<1 min,10,26
V26/60_1,1.0,2023-05-11 10:26:46,2023-05-11 10:28:07,1.0,O1239,True,,81.0,2023-05-11,0 days 00:01:21,81.0,День,0,1-5 min,10,26
V26/85,2.0,2023-05-11 10:27:01,2023-05-11 10:27:08,0.0,,False,,66.0,2023-05-11,0 days 00:00:07,7.0,День,0,<1 min,10,27
V26/85,1.0,2023-05-11 10:27:08,2023-05-11 10:28:05,1.0,O2005,True,,67.0,2023-05-11,0 days 00:00:57,57.0,День,0,<1 min,10,27
CK50,2.0,2023-05-11 10:27:27,2023-05-11 10:27:32,0.0,,False,,89.0,2023-05-11,0 days 00:00:05,5.0,День,0,<1 min,10,27
CK50,1.0,2023-05-11 10:27:32,2023-05-11 10:28:54,1.0,O0075,True,,90.0,2023-05-11,0 days 00:01:22,82.0,День,0,1-5 min,10,27
VCENTR-70,2.0,2023-05-11 10:27:35,2023-05-11 10:27:52,0.0,,False,,61.0,2023-05-11,0 days 00:00:17,17.0,День,0,<1 min,10,27
VCENTR-70,1.0,2023-05-11 10:27:52,2023-05-11 10:29:48,1.0,O1120,True,,62.0,2023-05-11,0 days 00:01:56,116.0,День,0,1-5 min,10,27
V26/85,2.0,2023-05-11 10:28:05,2023-05-11 10:28:17,0.0,,False,,67.0,2023-05-11,0 days 00:00:12,12.0,День,0,<1 min,10,28
V26/60_1,2.0,2023-05-11 10:28:07,2023-05-11 10:28:20,0.0,,False,,81.0,2023-05-11,0 days 00:00:13,13.0,День,0,<1 min,10,28
V26/85,1.0,2023-05-11 10:28:17,2023-05-11 10:29:13,1.0,O2005,True,,68.0,2023-05-11,0 days 00:00:56,56.0,День,0,<1 min,10,28
V26/60_1,1.0,2023-05-11 10:28:20,2023-05-11 10:29:41,1.0,O1239,True,,82.0,2023-05-11,0 days 00:01:21,81.0,День,0,1-5 min,10,28
VCENTR-102,3.0,2023-05-11 10:28:21,2023-05-11 10:29:10,0.0,,False,"No:100,PARAMETER WRITE ENABLE ",0.0,2023-05-11,0 days 00:00:49,49.0,День,0,<1 min,10,28
V26/60_2,2.0,2023-05-11 10:28:31,2023-05-11 10:28:44,0.0,,False,,47.0,2023-05-11,0 days 00:00:13,13.0,День,0,<1 min,10,28
V26/60_2,1.0,2023-05-11 10:28:44,2023-05-11 10:31:23,1.0,O1120,True,,48.0,2023-05-11,0 days 00:02:39,159.0,День,0,1-5 min,10,28
CK50,2.0,2023-05-11 10:28:54,2023-05-11 10:29:08,0.0,,False,,90.0,2023-05-11,0 days 00:00:14,14.0,День,0,<1 min,10,28
CK50,1.0,2023-05-11 10:29:08,2023-05-11 10:30:29,1.0,O0075,True,,91.0,2023-05-11,0 days 00:01:21,81.0,День,0,1-5 min,10,29
VCENTR-102,2.0,2023-05-11 10:29:10,2023-05-11 10:29:17,0.0,,False,,0.0,2023-05-11,0 days 00:00:07,7.0,День,0,<1 min,10,29
V26/85,2.0,2023-05-11 10:29:13,2023-05-11 10:29:20,0.0,,False,,68.0,2023-05-11,0 days 00:00:07,7.0,День,0,<1 min,10,29
VCENTR-102,1.0,2023-05-11 10:29:17,2023-05-11 10:29:19,0.0,O0,True,,0.0,2023-05-11,0 days 00:00:02,2.0,День,0,<1 min,10,29
VCENTR-102,2.0,2023-05-11 10:29:19,2023-05-11 10:29:31,0.0,,False,,0.0,2023-05-11,0 days 00:00:12,12.0,День,0,<1 min,10,29
V26/85,1.0,2023-05-11 10:29:20,2023-05-11 10:30:17,1.0,O2005,True,,69.0,2023-05-11,0 days 00:00:57,57.0,День,0,<1 min,10,29
VCENTR-102,3.0,2023-05-11 10:29:31,2023-05-11 10:29:54,0.0,,False,"No:100,PARAMETER WRITE ENABLE ",0.0,2023-05-11,0 days 00:00:23,23.0,День,0,<1 min,10,29
V26/60_1,2.0,2023-05-11 10:29:41,2023-05-11 10:29:52,0.0,,False,,82.0,2023-05-11,0 days 00:00:11,11.0,День,0,<1 min,10,29
VCENTR-70,2.0,2023-05-11 10:29:48,2023-05-11 10:30:08,0.0,,False,,62.0,2023-05-11,0 days 00:00:20,20.0,День,0,<1 min,10,29
V26/60_1,1.0,2023-05-11 10:29:52,2023-05-11 10:31:13,1.0,O1239,True,,83.0,2023-05-11,0 days 00:01:21,81.0,День,0,1-5 min,10,29
VCENTR-102,2.0,2023-05-11 10:29:54,2023-05-11 10:30:00,0.0,,False,,0.0,2023-05-11,0 days 00:00:06,6.0,День,0,<1 min,10,29
VCENTR-102,1.0,2023-05-11 10:30:00,2023-05-11 10:30:02,0.0,O0,True,,0.0,2023-05-11,0 days 00:00:02,2.0,День,0,<1 min,10,30
VCENTR-102,2.0,2023-05-11 10:30:02,2023-05-11 10:30:14,0.0,,False,,0.0,2023-05-11,0 days 00:00:12,12.0,День,0,<1 min,10,30
VCENTR-70,1.0,2023-05-11 10:30:08,2023-05-11 10:32:03,1.0,O1120,True,,63.0,2023-05-11,0 days 00:01:55,115.0,День,0,1-5 min,10,30
VCENTR-102,3.0,2023-05-11 10:30:14,2023-05-11 10:30:31,0.0,,False,"No:100,PARAMETER WRITE ENABLE ",0.0,2023-05-11,0 days 00:00:17,17.0,День,0,<1 min,10,30
V26/85,2.0,2023-05-11 10:30:17,2023-05-11 10:30:30,0.0,,False,,69.0,2023-05-11,0 days 00:00:13,13.0,День,0,<1 min,10,30
CK50,2.0,2023-05-11 10:30:29,2023-05-11 10:30:39,0.0,,False,,91.0,2023-05-11,0 days 00:00:10,10.0,День,0,<1 min,10,30
V26/85,1.0,2023-05-11 10:30:30,2023-05-11 10:31:27,1.0,O2005,True,,70.0,2023-05-11,0 days 00:00:57,57.0,День,0,<1 min,10,30
VCENTR-102,2.0,2023-05-11 10:30:31,2023-05-11 10:30:37,0.0,,False,,0.0,2023-05-11,0 days 00:00:06,6.0,День,0,<1 min,10,30
VCENTR-102,1.0,2023-05-11 10:30:37,2023-05-11 10:30:40,0.0,O0,True,,0.0,2023-05-11,0 days 00:00:03,3.0,День,0,<1 min,10,30
CK50,1.0,2023-05-11 10:30:39,2023-05-11 10:32:00,1.0,O0075,True,,92.0,2023-05-11,0 days 00:01:21,81.0,День,0,1-5 min,10,30
VCENTR-102,2.0,2023-05-11 10:30:40,2023-05-11 10:30:50,0.0,,False,,0.0,2023-05-11,0 days 00:00:10,10.0,День,0,<1 min,10,30
VCENTR-102,3.0,2023-05-11 10:30:50,2023-05-11 10:31:13,0.0,,False,"No:100,PARAMETER WRITE ENABLE ",0.0,2023-05-11,0 days 00:00:23,23.0,День,0,<1 min,10,30
VCENTR-102,2.0,2023-05-11 10:31:13,2023-05-11 10:31:17,0.0,,False,,0.0,2023-05-11,0 days 00:00:04,4.0,День,0,<1 min,10,31
V26/60_1,2.0,2023-05-11 10:31:13,2023-05-11 10:31:25,0.0,,False,,83.0,2023-05-11,0 days 00:00:12,12.0,День,0,<1 min,10,31
VCENTR-102,1.0,2023-05-11 10:31:17,2023-05-11 10:31:19,0.0,O0,True,,0.0,2023-05-11,0 days 00:00:02,2.0,День,0,<1 min,10,31
VCENTR-102,2.0,2023-05-11 10:31:19,2023-05-11 10:31:29,0.0,,False,,0.0,2023-05-11,0 days 00:00:10,10.0,День,0,<1 min,10,31
V26/60_2,2.0,2023-05-11 10:31:23,2023-05-11 10:31:36,0.0,,False,,48.0,2023-05-11,0 days 00:00:13,13.0,День,0,<1 min,10,31
V26/60_1,1.0,2023-05-11 10:31:25,2023-05-11 10:32:46,1.0,O1239,True,,84.0,2023-05-11,0 days 00:01:21,81.0,День,0,1-5 min,10,31
V26/85,2.0,2023-05-11 10:31:27,2023-05-11 10:31:34,0.0,,False,,70.0,2023-05-11,0 days 00:00:07,7.0,День,0,<1 min,10,31
VCENTR-102,3.0,2023-05-11 10:31:29,2023-05-11 10:31:45,0.0,,False,"No:100,PARAMETER WRITE ENABLE ",0.0,2023-05-11,0 days 00:00:16,16.0,День,0,<1 min,10,31
V26/85,1.0,2023-05-11 10:31:34,2023-05-11 10:32:31,1.0,O2005,True,,71.0,2023-05-11,0 days 00:00:57,57.0,День,0,<1 min,10,31
V26/60_2,1.0,2023-05-11 10:31:36,2023-05-11 10:34:15,1.0,O1120,True,,49.0,2023-05-11,0 days 00:02:39,159.0,День,0,1-5 min,10,31
VCENTR-102,2.0,2023-05-11 10:31:45,2023-05-11 10:32:00,0.0,,False,,0.0,2023-05-11,0 days 00:00:15,15.0,День,0,<1 min,10,31
VCENTR-102,3.0,2023-05-11 10:32:00,2023-05-11 10:32:13,0.0,,False,"No:100,PARAMETER WRITE ENABLE ",0.0,2023-05-11,0 days 00:00:13,13.0,День,0,<1 min,10,32
CK50,2.0,2023-05-11 10:32:00,2023-05-11 10:32:31,0.0,,False,,92.0,2023-05-11,0 days 00:00:31,31.0,День,0,<1 min,10,32
VCENTR-70,2.0,2023-05-11 10:32:03,2023-05-11 10:32:16,0.0,,False,,63.0,2023-05-11,0 days 00:00:13,13.0,День,0,<1 min,10,32
VCENTR-102,2.0,2023-05-11 10:32:13,2023-05-11 10:33:42,0.0,,False,,0.0,2023-05-11,0 days 00:01:29,89.0,День,0,1-5 min,10,32
VCENTR-70,1.0,2023-05-11 10:32:16,2023-05-11 10:34:12,1.0,O1120,True,,64.0,2023-05-11,0 days 00:01:56,116.0,День,0,1-5 min,10,32
CK50,1.0,2023-05-11 10:32:31,2023-05-11 10:33:52,1.0,O0075,True,,93.0,2023-05-11,0 days 00:01:21,81.0,День,0,1-5 min,10,32
V26/85,2.0,2023-05-11 10:32:31,2023-05-11 10:32:45,0.0,,False,,71.0,2023-05-11,0 days 00:00:14,14.0,День,0,<1 min,10,32
V26/85,1.0,2023-05-11 10:32:45,2023-05-11 10:33:42,1.0,O2005,True,,72.0,2023-05-11,0 days 00:00:57,57.0,День,0,<1 min,10,32
V26/60_1,2.0,2023-05-11 10:32:46,2023-05-11 10:33:05,0.0,,False,,84.0,2023-05-11,0 days 00:00:19,19.0,День,0,<1 min,10,32
V26/60_1,1.0,2023-05-11 10:33:05,2023-05-11 10:34:26,1.0,O1239,True,,85.0,2023-05-11,0 days 00:01:21,81.0,День,0,1-5 min,10,33
V26/85,2.0,2023-05-11 10:33:42,2023-05-11 10:33:48,0.0,,False,,72.0,2023-05-11,0 days 00:00:06,6.0,День,0,<1 min,10,33
VCENTR-102,3.0,2023-05-11 10:33:42,2023-05-11 10:33:52,0.0,,False,"No:1014, ATC NOT IN HOME POSITION",0.0,2023-05-11,0 days 00:00:10,10.0,День,0,<1 min,10,33
V26/85,1.0,2023-05-11 10:33:48,2023-05-11 10:34:45,1.0,O2005,True,,73.0,2023-05-11,0 days 00:00:57,57.0,День,0,<1 min,10,33
VCENTR-102,2.0,2023-05-11 10:33:52,2023-05-11 10:34:15,0.0,,False,,0.0,2023-05-11,0 days 00:00:23,23.0,День,0,<1 min,10,33
CK50,2.0,2023-05-11 10:33:52,2023-05-11 10:34:21,0.0,,False,,93.0,2023-05-11,0 days 00:00:29,29.0,День,0,<1 min,10,33
VCENTR-70,2.0,2023-05-11 10:34:12,2023-05-11 10:34:26,0.0,,False,,64.0,2023-05-11,0 days 00:00:14,14.0,День,0,<1 min,10,34
V26/60_2,2.0,2023-05-11 10:34:15,2023-05-11 10:34:33,0.0,,False,,49.0,2023-05-11,0 days 00:00:18,18.0,День,0,<1 min,10,34
VCENTR-102,3.0,2023-05-11 10:34:15,2023-05-11 10:34:17,0.0,,False,"No:1014, ATC NOT IN HOME POSITION",0.0,2023-05-11,0 days 00:00:02,2.0,День,0,<1 min,10,34
VCENTR-102,2.0,2023-05-11 10:34:17,2023-05-11 10:34:45,0.0,,False,,0.0,2023-05-11,0 days 00:00:28,28.0,День,0,<1 min,10,34
CK50,1.0,2023-05-11 10:34:21,2023-05-11 10:35:41,1.0,O0075,True,,94.0,2023-05-11,0 days 00:01:20,80.0,День,0,1-5 min,10,34
V26/60_1,2.0,2023-05-11 10:34:26,2023-05-11 10:34:41,0.0,,False,,85.0,2023-05-11,0 days 00:00:15,15.0,День,0,<1 min,10,34
VCENTR-70,1.0,2023-05-11 10:34:26,2023-05-11 10:36:22,1.0,O1120,True,,65.0,2023-05-11,0 days 00:01:56,116.0,День,0,1-5 min,10,34
V26/60_2,1.0,2023-05-11 10:34:33,2023-05-11 10:37:13,1.0,O1120,True,,50.0,2023-05-11,0 days 00:02:40,160.0,День,0,1-5 min,10,34
V26/60_1,1.0,2023-05-11 10:34:41,2023-05-11 10:36:01,1.0,O1239,True,,86.0,2023-05-11,0 days 00:01:20,80.0,День,0,1-5 min,10,34
VCENTR-102,3.0,2023-05-11 10:34:45,2023-05-11 10:35:06,0.0,,False,"No:100,PARAMETER WRITE ENABLE ",0.0,2023-05-11,0 days 00:00:21,21.0,День,0,<1 min,10,34
V26/85,2.0,2023-05-11 10:34:45,2023-05-11 10:34:50,0.0,,False,,73.0,2023-05-11,0 days 00:00:05,5.0,День,0,<1 min,10,34
V26/85,1.0,2023-05-11 10:34:50,2023-05-11 10:35:49,1.0,O2005,True,,74.0,2023-05-11,0 days 00:00:59,59.0,День,0,<1 min,10,34
VCENTR-102,2.0,2023-05-11 10:35:06,2023-05-11 10:36:05,0.0,,False,,0.0,2023-05-11,0 days 00:00:59,59.0,День,0,<1 min,10,35
CK50,2.0,2023-05-11 10:35:41,2023-05-11 10:35:47,0.0,,False,,94.0,2023-05-11,0 days 00:00:06,6.0,День,0,<1 min,10,35
CK50,1.0,2023-05-11 10:35:47,2023-05-11 10:37:08,1.0,O0075,True,,95.0,2023-05-11,0 days 00:01:21,81.0,День,0,1-5 min,10,35
V26/85,2.0,2023-05-11 10:35:49,2023-05-11 10:35:53,0.0,,False,,74.0,2023-05-11,0 days 00:00:04,4.0,День,0,<1 min,10,35
V26/85,1.0,2023-05-11 10:35:53,2023-05-11 10:36:50,1.0,O2005,True,,75.0,2023-05-11,0 days 00:00:57,57.0,День,0,<1 min,10,35
V26/60_1,2.0,2023-05-11 10:36:01,2023-05-11 10:36:12,0.0,,False,,86.0,2023-05-11,0 days 00:00:11,11.0,День,0,<1 min,10,36
VCENTR-102,3.0,2023-05-11 10:36:05,2023-05-11 10:36:14,0.0,,False,"No:1014, ATC NOT IN HOME POSITION",0.0,2023-05-11,0 days 00:00:09,9.0,День,0,<1 min,10,36
V26/60_1,1.0,2023-05-11 10:36:12,2023-05-11 10:37:34,1.0,O1239,True,,86.0,2023-05-11,0 days 00:01:22,82.0,День,0,1-5 min,10,36
VCENTR-102,2.0,2023-05-11 10:36:14,2023-05-11 10:36:38,0.0,,False,,0.0,2023-05-11,0 days 00:00:24,24.0,День,0,<1 min,10,36
VCENTR-70,2.0,2023-05-11 10:36:22,2023-05-11 10:36:36,0.0,,False,,65.0,2023-05-11,0 days 00:00:14,14.0,День,0,<1 min,10,36
VCENTR-70,1.0,2023-05-11 10:36:36,2023-05-11 10:38:32,1.0,O1120,True,,66.0,2023-05-11,0 days 00:01:56,116.0,День,0,1-5 min,10,36
VCENTR-102,3.0,2023-05-11 10:36:38,2023-05-11 10:37:02,0.0,,False,"No:1014, ATC NOT IN HOME POSITION",0.0,2023-05-11,0 days 00:00:24,24.0,День,0,<1 min,10,36
V26/85,2.0,2023-05-11 10:36:50,2023-05-11 10:36:55,0.0,,False,,75.0,2023-05-11,0 days 00:00:05,5.0,День,0,<1 min,10,36
V26/85,1.0,2023-05-11 10:36:55,2023-05-11 10:37:52,1.0,O2005,True,,76.0,2023-05-11,0 days 00:00:57,57.0,День,0,<1 min,10,36
VCENTR-102,2.0,2023-05-11 10:37:02,2023-05-11 10:37:06,0.0,,False,,0.0,2023-05-11,0 days 00:00:04,4.0,День,0,<1 min,10,37
VCENTR-102,3.0,2023-05-11 10:37:06,2023-05-11 10:37:18,0.0,,False,"No:1014, ATC NOT IN HOME POSITION",0.0,2023-05-11,0 days 00:00:12,12.0,День,0,<1 min,10,37
CK50,2.0,2023-05-11 10:37:08,2023-05-11 10:37:12,0.0,,False,,95.0,2023-05-11,0 days 00:00:04,4.0,День,0,<1 min,10,37
CK50,1.0,2023-05-11 10:37:12,2023-05-11 10:38:33,1.0,O0075,True,,96.0,2023-05-11,0 days 00:01:21,81.0,День,0,1-5 min,10,37
V26/60_2,2.0,2023-05-11 10:37:13,2023-05-11 10:41:21,0.0,,False,,50.0,2023-05-11,0 days 00:04:08,248.0,День,0,1-5 min,10,37
VCENTR-102,2.0,2023-05-11 10:37:18,2023-05-11 10:37:23,0.0,,False,,0.0,2023-05-11,0 days 00:00:05,5.0,День,0,<1 min,10,37
VCENTR-102,3.0,2023-05-11 10:37:23,2023-05-11 10:37:25,0.0,,False,"No:1014, ATC NOT IN HOME POSITION",0.0,2023-05-11,0 days 00:00:02,2.0,День,0,<1 min,10,37
VCENTR-102,2.0,2023-05-11 10:37:25,2023-05-11 10:37:58,0.0,,False,,0.0,2023-05-11,0 days 00:00:33,33.0,День,0,<1 min,10,37
V26/60_1,2.0,2023-05-11 10:37:34,2023-05-11 10:37:57,0.0,,False,,87.0,2023-05-11,0 days 00:00:23,23.0,День,0,<1 min,10,37
V26/85,2.0,2023-05-11 10:37:52,2023-05-11 10:37:58,0.0,,False,,76.0,2023-05-11,0 days 00:00:06,6.0,День,0,<1 min,10,37
V26/60_1,1.0,2023-05-11 10:37:57,2023-05-11 10:39:18,1.0,O1239,True,,88.0,2023-05-11,0 days 00:01:21,81.0,День,0,1-5 min,10,37
VCENTR-102,3.0,2023-05-11 10:37:58,2023-05-11 10:38:00,0.0,,False,"No:1008, ATC START ALARM",0.0,2023-05-11,0 days 00:00:02,2.0,День,0,<1 min,10,37
V26/85,1.0,2023-05-11 10:37:58,2023-05-11 10:38:55,1.0,O2005,True,,77.0,2023-05-11,0 days 00:00:57,57.0,День,0,<1 min,10,37
VCENTR-102,2.0,2023-05-11 10:38:00,2023-05-11 10:38:10,0.0,,False,,0.0,2023-05-11,0 days 00:00:10,10.0,День,0,<1 min,10,38
VCENTR-102,1.0,2023-05-11 10:38:10,2023-05-11 10:38:12,0.0,O0,True,,0.0,2023-05-11,0 days 00:00:02,2.0,День,0,<1 min,10,38
VCENTR-102,2.0,2023-05-11 10:38:12,2023-05-11 10:39:22,0.0,,False,,0.0,2023-05-11,0 days 00:01:10,70.0,День,0,1-5 min,10,38
VCENTR-70,2.0,2023-05-11 10:38:32,2023-05-11 10:38:54,0.0,,False,,66.0,2023-05-11,0 days 00:00:22,22.0,День,0,<1 min,10,38
CK50,2.0,2023-05-11 10:38:33,2023-05-11 10:38:44,0.0,,False,,96.0,2023-05-11,0 days 00:00:11,11.0,День,0,<1 min,10,38
CK50,1.0,2023-05-11 10:38:44,2023-05-11 10:40:05,1.0,O0075,True,,97.0,2023-05-11,0 days 00:01:21,81.0,День,0,1-5 min,10,38
VCENTR-70,1.0,2023-05-11 10:38:54,2023-05-11 10:40:50,1.0,O1120,True,,67.0,2023-05-11,0 days 00:01:56,116.0,День,0,1-5 min,10,38
V26/85,2.0,2023-05-11 10:38:55,2023-05-11 10:39:02,0.0,,False,,77.0,2023-05-11,0 days 00:00:07,7.0,День,0,<1 min,10,38
V26/85,1.0,2023-05-11 10:39:02,2023-05-11 10:39:59,1.0,O2005,True,,78.0,2023-05-11,0 days 00:00:57,57.0,День,0,<1 min,10,39
V26/60_1,2.0,2023-05-11 10:39:18,2023-05-11 10:39:30,0.0,,False,,88.0,2023-05-11,0 days 00:00:12,12.0,День,0,<1 min,10,39
VCENTR-102,1.0,2023-05-11 10:39:22,2023-05-11 10:39:26,0.0,O2130,True,,0.0,2023-05-11,0 days 00:00:04,4.0,День,0,<1 min,10,39
VCENTR-102,2.0,2023-05-11 10:39:26,2023-05-11 10:39:56,0.0,,False,,0.0,2023-05-11,0 days 00:00:30,30.0,День,0,<1 min,10,39
V26/60_1,1.0,2023-05-11 10:39:30,2023-05-11 10:40:52,1.0,O1239,True,,89.0,2023-05-11,0 days 00:01:22,82.0,День,0,1-5 min,10,39
VCENTR-102,3.0,2023-05-11 10:39:56,2023-05-11 10:40:21,0.0,,False,"No:100,PARAMETER WRITE ENABLE ",0.0,2023-05-11,0 days 00:00:25,25.0,День,0,<1 min,10,39
V26/85,2.0,2023-05-11 10:39:59,2023-05-11 10:40:07,0.0,,False,,78.0,2023-05-11,0 days 00:00:08,8.0,День,0,<1 min,10,39
CK50,2.0,2023-05-11 10:40:05,2023-05-11 10:40:30,0.0,,False,,97.0,2023-05-11,0 days 00:00:25,25.0,День,0,<1 min,10,40
V26/85,1.0,2023-05-11 10:40:07,2023-05-11 10:41:04,1.0,O2005,True,,79.0,2023-05-11,0 days 00:00:57,57.0,День,0,<1 min,10,40
VCENTR-102,2.0,2023-05-11 10:40:21,2023-05-11 10:40:40,0.0,,False,,0.0,2023-05-11,0 days 00:00:19,19.0,День,0,<1 min,10,40
CK50,1.0,2023-05-11 10:40:30,2023-05-11 10:41:52,1.0,O0075,True,,98.0,2023-05-11,0 days 00:01:22,82.0,День,0,1-5 min,10,40
VCENTR-102,1.0,2023-05-11 10:40:40,2023-05-11 10:40:45,0.0,O2130,True,,0.0,2023-05-11,0 days 00:00:05,5.0,День,0,<1 min,10,40
VCENTR-102,2.0,2023-05-11 10:40:45,2023-05-11 10:40:52,0.0,,False,,0.0,2023-05-11,0 days 00:00:07,7.0,День,0,<1 min,10,40
VCENTR-70,2.0,2023-05-11 10:40:50,2023-05-11 10:41:12,0.0,,False,,67.0,2023-05-11,0 days 00:00:22,22.0,День,0,<1 min,10,40
VCENTR-102,1.0,2023-05-11 10:40:52,2023-05-11 10:40:55,0.0,O2130,True,,0.0,2023-05-11,0 days 00:00:03,3.0,День,0,<1 min,10,40
V26/60_1,2.0,2023-05-11 10:40:52,2023-05-11 10:41:06,0.0,,False,,89.0,2023-05-11,0 days 00:00:14,14.0,День,0,<1 min,10,40
VCENTR-102,2.0,2023-05-11 10:40:55,2023-05-11 10:41:14,0.0,,False,,0.0,2023-05-11,0 days 00:00:19,19.0,День,0,<1 min,10,40
V26/85,2.0,2023-05-11 10:41:04,2023-05-11 10:41:15,0.0,,False,,79.0,2023-05-11,0 days 00:00:11,11.0,День,0,<1 min,10,41
V26/60_1,1.0,2023-05-11 10:41:06,2023-05-11 10:42:27,1.0,O1239,True,,90.0,2023-05-11,0 days 00:01:21,81.0,День,0,1-5 min,10,41
VCENTR-70,1.0,2023-05-11 10:41:12,2023-05-11 10:43:08,1.0,O1120,True,,68.0,2023-05-11,0 days 00:01:56,116.0,День,0,1-5 min,10,41
VCENTR-102,3.0,2023-05-11 10:41:14,2023-05-11 10:41:44,0.0,,False,"No:100,PARAMETER WRITE ENABLE ",0.0,2023-05-11,0 days 00:00:30,30.0,День,0,<1 min,10,41
V26/85,1.0,2023-05-11 10:41:15,2023-05-11 10:42:11,1.0,O2005,True,,80.0,2023-05-11,0 days 00:00:56,56.0,День,0,<1 min,10,41
V26/60_2,1.0,2023-05-11 10:41:21,2023-05-11 10:44:01,1.0,O1120,True,,51.0,2023-05-11,0 days 00:02:40,160.0,День,0,1-5 min,10,41
VCENTR-102,2.0,2023-05-11 10:41:44,2023-05-11 10:41:54,0.0,,False,,0.0,2023-05-11,0 days 00:00:10,10.0,День,0,<1 min,10,41
